store_hours_id,dealerlocator_id,applicable_from,mon_start,mon_end,tue_start,tue_end,wed_start,wed_end,thus_start,thus_end,fri_start,fri_end,sat_start,sat_end,sun_start,sun_end,special_hours,created_time,update_time,mon_start_openclose,tue_start_openclose,wed_start_openclose,thu_start_openclose,fri_start_openclose,sat_start_openclose,sun_start_openclose
14,1266,1989-09-25,"10:00 AM","11:00 PM","10:00 AM","11:00 PM","10:00 AM","11:00 PM","10:00 AM","11:00 PM","10:00 AM","11:00 PM","10:00 AM","11:00 PM","10:00 AM","11:00 PM","24 Hrs","2013-02-04 12:05:23","2013-02-04 12:05:23",NULL,NULL,NULL,NULL,NULL,NULL,NULL
15,1267,2013-02-22,"10:00 AM","11:00 PM","10:00 AM","11:00 PM","10:00 AM","11:00 PM","10:00 AM","11:00 PM","10:00 AM","11:00 PM","10:00 AM","11:00 PM","10:00 AM","11:00 PM","24 Hrs","2013-02-04 05:31:52","2013-02-04 05:31:52",NULL,NULL,NULL,NULL,NULL,NULL,NULL
16,1269,2013-02-22,"10:00 AM","11:00 PM","10:00 AM","11:00 PM","10:00 AM","11:00 PM","10:00 AM","11:00 PM","10:00 AM","11:00 PM","10:00 AM","11:00 PM","10:00 AM","11:00 PM","24 Hrs","2013-02-04 05:31:52","2013-02-04 05:31:52",NULL,NULL,NULL,NULL,NULL,NULL,NULL
17,1378,2013-02-22,"10:00 AM","11:00 PM","10:00 AM","11:00 PM","10:00 AM","11:00 PM","10:00 AM","11:00 PM","10:00 AM","11:00 PM","10:00 AM","11:00 PM","10:00 AM","11:00 PM","24 Hrs","2013-02-04 05:31:52","2013-02-04 05:31:52",NULL,NULL,NULL,NULL,NULL,NULL,NULL
18,1384,2013-02-22,"10:00 AM","11:00 PM","10:00 AM","11:00 PM","10:00 AM","11:00 PM","10:00 AM","11:00 PM","10:00 AM","11:00 PM","10:00 AM","11:00 PM","10:00 AM","11:00 PM","24 Hrs","2013-02-04 05:31:52","2013-02-04 05:31:52",NULL,NULL,NULL,NULL,NULL,NULL,NULL
19,1387,2013-02-22,"10:00 AM","11:00 PM","10:00 AM","11:00 PM","10:00 AM","11:00 PM","10:00 AM","11:00 PM","10:00 AM","11:00 PM","10:00 AM","11:00 PM","10:00 AM","11:00 PM","24 Hrs","2013-02-04 05:31:52","2013-02-04 05:31:52",NULL,NULL,NULL,NULL,NULL,NULL,NULL
20,1266,NULL,"11:00 AM","11:00 AM","10:00 AM","10:00 AM"," AM"," AM"," AM"," AM"," AM"," AM"," AM"," AM"," AM"," AM",NULL,"2013-02-04 12:05:01","2013-02-04 12:05:01",NULL,NULL,NULL,NULL,NULL,NULL,NULL
21,1266,2013-02-28,"10:00 AM","12:00 AM"," AM"," AM"," AM"," AM"," AM"," AM"," AM"," AM"," AM"," AM"," AM"," AM",NULL,"2013-02-04 12:06:01","2013-02-04 12:06:01",NULL,NULL,NULL,NULL,NULL,NULL,NULL
22,1269,NULL,NULL,NULL,NULL,NULL,NULL,NULL,NULL,NULL,NULL,NULL,NULL,NULL,NULL,NULL,NULL,"2013-02-06 11:42:39","2013-02-06 11:42:39",Open,Open,Open,Open,Open,Open,Open
23,1266,2013-02-08,"21:21 AM","21:21 AM","21:21 AM","21:21 AM",NULL,NULL,NULL,NULL,NULL,NULL,"32:32 AM","32:32 AM",NULL,NULL,12:43:21,"2013-02-06 11:55:51","2013-02-06 11:55:51",Open,Open,Open,Open,Open,Open,Closed
25,1268,2013-02-08,"21:21 AM","21:21 AM","21:21 AM","21:21 AM",NULL,NULL,NULL,NULL,NULL,NULL,"32:32 AM","32:32 AM",NULL,NULL,12:43:21,"2013-02-06 11:55:51","2013-02-06 11:55:51",Open,Open,Open,Open,Open,Open,Closed
26,1269,2013-02-08,"21:21 AM","21:21 AM","21:21 AM","21:21 AM",NULL,NULL,NULL,NULL,NULL,NULL,"32:32 AM","32:32 AM",NULL,NULL,12:43:21,"2013-02-06 13:10:15","2013-02-06 13:10:15",Open,Open,Open,Open,Open,Open,Closed
27,1270,2013-02-08,"21:21 AM","21:21 AM","21:21 AM","21:21 AM",NULL,NULL,NULL,NULL,NULL,NULL,"32:32 AM","32:32 AM",NULL,NULL,12:43:21,"2013-02-06 11:55:51","2013-02-06 11:55:51",Open,Open,Open,Open,Open,Open,Closed
28,1271,2013-02-08,"21:21 AM","21:21 AM","21:21 AM","21:21 AM",NULL,NULL,NULL,NULL,NULL,NULL,"32:32 AM","32:32 AM",NULL,NULL,12:43:21,"2013-02-06 11:55:51","2013-02-06 11:55:51",Open,Open,Open,Open,Open,Open,Closed
29,1272,2013-02-08,"21:21 AM","21:21 AM","21:21 AM","21:21 AM",NULL,NULL,NULL,NULL,NULL,NULL,"32:32 AM","32:32 AM",NULL,NULL,12:43:21,"2013-02-06 11:55:51","2013-02-06 11:55:51",Open,Open,Open,Open,Open,Open,Closed
30,1269,2013-02-14,"11:11 AM","12:12 PM","11:11 AM","12:12 PM","12:12 AM","12:12 AM","11:11 AM","12:12 AM","12:12 AM","12:12 AM","12:12 AM","11:11 PM",NULL,NULL,22:28:28,"2013-02-06 12:54:12","2013-02-06 12:54:12",Open,Open,Open,Open,Open,Open,Closed
31,1267,2013-02-28,"10:00 AM","20:00 AM","15:00 AM","15:22 AM",NULL,NULL,NULL,NULL,NULL,NULL,NULL,NULL,NULL,NULL,Test,"2013-02-06 13:40:54","2013-02-06 13:40:54",Open,Open,Closed,Open,Open,Open,Open
32,1578,NULL,"10:00 AM","12:00 AM","15:00 AM","11:00 AM","12:00 AM","11:00 AM",NULL,NULL,NULL,NULL,NULL,NULL,NULL,NULL,NULL,"2013-02-06 14:51:56","2013-02-06 14:51:56",Open,Open,Open,Open,Open,Open,Open
34,1728,2013-02-08,"11:11 AM","12:12 PM","11:11 AM","12:12 PM",NULL,NULL,"21:21 AM","12:12 PM","11:11 AM","12:12 PM",NULL,NULL,NULL,NULL,NULL,"2013-02-08 07:27:30","2013-02-08 07:27:30",Open,Open,Open,Open,Open,Open,Closed
35,1729,2013-02-08,"12:00 AM","12:00 AM","12:00 AM","12:00 AM","3:00 AM","4:30 AM","12:00 AM","12:00 AM","12:00 AM","12:00 AM","12:00 AM","12:00 AM","12:00 AM","12:00 AM",NULL,"2013-02-15 04:02:50","2013-02-15 04:02:50",Open,Open,Open,Open,Open,Closed,Open
36,1730,2013-02-08,"11:11 AM","12:12 PM","11:11 AM","12:12 PM",NULL,NULL,"21:21 AM","12:12 PM","11:11 AM","12:12 PM",NULL,NULL,NULL,NULL,NULL,"2013-02-08 07:27:30","2013-02-08 07:27:30",Open,Open,Open,Open,Open,Open,Closed
37,1728,2013-02-14,"12:00 AM","5:00 PM","12:30 AM","5:00 PM","1:00 AM","6:30 PM","1:30 AM","5:30 PM","2:00 AM","10:00 PM","3:00 AM","7:00 PM","12:00 AM","11:00 PM",12:43:21,"2013-02-14 14:00:45","2013-02-14 14:00:45",Open,Open,Open,Open,Open,Closed,Open
38,1726,NULL,"2:30 AM","3:00 AM","3:00 AM","5:00 AM","5:00 AM","5:30 AM","8:30 AM","8:30 AM","7:30 AM","9:00 AM","8:30 AM","3:00 AM","9:30 AM","9:00 AM","24 Hrs","2013-02-14 13:53:46","2013-02-14 13:53:46",Open,Open,Open,Open,Open,Open,Open
39,1727,2013-02-28,"3:00 AM","5:00 AM","5:00 AM","5:00 AM","4:00 AM","5:30 AM","9:00 AM","9:00 AM","9:30 AM","8:30 AM","9:00 AM","8:30 AM","9:30 AM","9:00 AM","24 Hrs","2013-02-14 14:01:38","2013-02-14 14:01:38",Open,Open,Open,Open,Open,Closed,Open
40,1726,NULL,"1:30 AM","2:00 AM","9:30 AM","2:30 AM","4:00 AM","8:30 PM","3:30 AM","12:00 AM","12:00 AM","10:30 PM",NULL,NULL,"2:00 AM","1:30 AM","24 Hrs","2013-02-14 14:03:54","2013-02-14 14:03:54",Open,Open,Open,Open,Open,Closed,Open
41,1726,2013-02-28,"9:30 AM","9:30 AM","9:30 AM","11:00 PM","9:00 AM","11:00 PM","9:30 AM","10:30 PM","9:00 AM","11:00 PM",NULL,NULL,"10:30 PM","12:00 AM","24 Hrs","2013-02-14 14:05:12","2013-02-14 14:05:12",Open,Open,Open,Open,Open,Closed,Open
42,1725,2013-02-22,"12:00 AM","9:00 AM","12:00 AM","9:00 AM","12:00 AM","9:00 AM","12:00 AM","9:00 AM","12:00 AM","9:00 AM","12:00 AM","9:00 AM",NULL,NULL,NULL,"2013-02-22 18:14:08","2013-02-22 18:14:08",Open,Open,Open,Open,Open,Open,Closed
43,1726,2013-02-22,"12:00 AM","9:00 AM","12:00 AM","9:00 AM","12:00 AM","9:00 AM","12:00 AM","9:00 AM","12:00 AM","9:00 AM","12:00 AM","9:00 AM",NULL,NULL,NULL,"2013-02-22 18:14:08","2013-02-22 18:14:08",Open,Open,Open,Open,Open,Open,Closed
44,1727,2013-02-22,"12:00 AM","9:00 AM","12:00 AM","9:00 AM","12:00 AM","9:00 AM","12:00 AM","9:00 AM","12:00 AM","9:00 AM","12:00 AM","9:00 AM",NULL,NULL,NULL,"2013-02-22 18:14:08","2013-02-22 18:14:08",Open,Open,Open,Open,Open,Open,Closed
45,1728,2013-02-22,"12:00 AM","9:00 AM","12:00 AM","9:00 AM","12:00 AM","9:00 AM","12:00 AM","9:00 AM","12:00 AM","9:00 AM","12:00 AM","9:00 AM",NULL,NULL,NULL,"2013-02-22 18:14:08","2013-02-22 18:14:08",Open,Open,Open,Open,Open,Open,Closed
46,1725,2013-03-01,"12:00 AM","1:00 PM","12:00 AM","1:00 PM","12:00 AM","1:00 PM",NULL,NULL,"12:00 AM","1:00 PM","12:00 AM","1:00 PM","12:00 AM","1:00 PM",NULL,"2013-02-22 18:16:40","2013-02-22 18:16:40",Open,Open,Open,Closed,Open,Open,Open
47,1823,NULL,"9:00 AM","1:00 PM","9:00 AM","1:30 PM","9:00 AM","2:30 PM","9:30 AM","3:30 PM","2:00 PM","8:30 AM",NULL,NULL,NULL,NULL,NULL,"2013-02-22 18:20:55","2013-02-22 18:20:55",Open,Open,Open,Open,Open,Closed,Closed
48,1823,NULL,"9:30 AM","4:30 PM","8:30 AM","6:30 PM","5:00 AM","9:30 AM","6:00 AM","7:00 PM","3:00 AM","9:30 AM","4:00 AM","9:30 AM",NULL,NULL,NULL,"2013-02-22 18:22:21","2013-02-22 18:22:21",Open,Open,Open,Open,Open,Open,Closed
49,1823,NULL,"9:00 AM","9:30 AM","12:00 AM","12:00 AM","12:00 AM","12:00 AM","12:00 AM","12:00 AM","12:00 AM","12:00 AM","12:00 AM","12:00 AM","12:00 AM","12:00 AM",NULL,"2013-02-22 18:23:46","2013-02-22 18:23:46",Open,Open,Open,Open,Open,Open,Open
50,1725,2013-06-03,"12:00 AM","11:30 PM",NULL,NULL,NULL,NULL,NULL,NULL,NULL,NULL,NULL,NULL,NULL,NULL,"Cyber Monday","2013-02-22 18:26:28","2013-02-22 18:26:28",Open,Closed,Closed,Closed,Closed,Closed,Closed
51,1726,2013-06-03,"12:00 AM","11:30 PM",NULL,NULL,NULL,NULL,NULL,NULL,NULL,NULL,NULL,NULL,NULL,NULL,"Cyber Monday","2013-02-22 18:26:28","2013-02-22 18:26:28",Open,Closed,Closed,Closed,Closed,Closed,Closed
52,1727,2013-06-03,"12:00 AM","11:30 PM",NULL,NULL,NULL,NULL,NULL,NULL,NULL,NULL,NULL,NULL,NULL,NULL,"Cyber Monday","2013-02-22 18:26:28","2013-02-22 18:26:28",Open,Closed,Closed,Closed,Closed,Closed,Closed
53,2313,2013-02-25,"12:00 AM","5:00 PM","12:30 AM","8:00 PM","1:00 AM","6:00 PM","1:30 AM","7:00 PM","2:00 AM","6:00 PM","2:30 AM","7:00 PM",NULL,NULL,12:43:21,"2013-02-25 13:01:07","2013-02-25 13:01:07",Open,Open,Open,Open,Open,Open,Closed
54,2313,2013-02-27,"1:00 AM","9:00 PM","12:00 AM","4:00 PM","8:00 AM","8:00 PM","12:00 AM","8:30 PM","7:00 AM","8:00 PM","7:30 AM","10:00 PM",NULL,NULL,12:43:21,"2013-02-25 13:03:42","2013-02-25 13:03:42",Open,Open,Open,Open,Open,Open,Closed
55,2460,NULL,"9:00 AM","10:00 PM","9:00 AM","10:00 PM","9:00 AM","10:00 PM",NULL,NULL,NULL,NULL,NULL,NULL,NULL,NULL,NULL,"2013-02-25 20:03:14","2013-02-25 20:03:14",Open,Open,Open,Closed,Closed,Closed,Closed
56,2607,2013-02-27,"2:30 AM","2:30 AM","5:00 AM","3:30 AM","2:30 AM","4:00 AM","3:30 AM","6:00 AM","5:30 AM","4:00 AM","6:30 AM","4:30 AM","1:30 AM","4:00 AM",NULL,"2013-02-27 21:29:16","2013-02-27 21:29:16",Open,Open,Open,Open,Open,Open,Open
100,2796,2013-03-08,"8:00 AM","8:00 PM","8:00 AM","8:00 PM","8:00 AM","8:00 PM","8:00 AM","8:00 PM","8:00 AM","8:00 PM","8:00 AM","8:00 PM","8:00 AM","8:00 PM","Test Data","2013-03-08 19:08:07","2013-03-08 19:08:07",Open,Open,Open,Open,Open,Open,Open
200,2755,2013-03-27,"9:00 AM","9:00 PM","9:00 AM","9:00 PM","9:00 AM","9:00 PM","9:00 AM","9:00 PM","9:00 AM","9:00 PM","9:00 AM","9:00 PM","10:00 AM","7:00 PM",NULL,"2013-03-27 17:35:29","2013-03-27 17:35:29",Open,Open,Open,Open,Open,Open,Open
201,2756,2013-03-27,"9:00 AM","9:00 PM","9:00 AM","9:00 PM","9:00 AM","9:00 PM","9:00 AM","9:00 PM","9:00 AM","9:00 PM","9:00 AM","9:00 PM","10:00 AM","12:30 PM",NULL,"2013-05-20 12:02:39","2013-05-20 12:02:39",Open,Open,Open,Open,Open,Open,Open
202,2757,2013-03-27,"9:00 AM","9:00 PM","9:00 AM","9:00 PM","9:00 AM","9:00 PM","9:00 AM","9:00 PM","9:00 AM","9:00 PM","9:00 AM","9:00 PM","10:00 AM","7:00 PM",NULL,"2013-03-27 17:35:29","2013-03-27 17:35:29",Open,Open,Open,Open,Open,Open,Open
203,2758,2013-03-27,"9:00 AM","9:00 PM","9:00 AM","9:00 PM","9:00 AM","9:00 PM","9:00 AM","9:00 PM","9:00 AM","9:00 PM","9:00 AM","9:00 PM","10:00 AM","7:00 PM",NULL,"2013-03-27 17:35:29","2013-03-27 17:35:29",Open,Open,Open,Open,Open,Open,Open
204,2759,2013-03-27,"9:00 AM","9:00 PM","9:00 AM","9:00 PM","9:00 AM","9:00 PM","9:00 AM","9:00 PM","9:00 AM","9:00 PM","9:00 AM","9:00 PM","10:00 AM","7:00 PM",NULL,"2013-03-27 17:35:29","2013-03-27 17:35:29",Open,Open,Open,Open,Open,Open,Open
205,2760,2013-03-27,"9:00 AM","9:00 PM","9:00 AM","9:00 PM","9:00 AM","9:00 PM","9:00 AM","9:00 PM","9:00 AM","9:00 PM","9:00 AM","9:00 PM","10:00 AM","7:00 PM",NULL,"2013-03-27 17:35:29","2013-03-27 17:35:29",Open,Open,Open,Open,Open,Open,Open
206,2761,2013-03-27,"9:00 AM","9:00 PM","9:00 AM","9:00 PM","9:00 AM","9:00 PM","9:00 AM","9:00 PM","9:00 AM","9:00 PM","9:00 AM","9:00 PM","10:00 AM","7:00 PM",NULL,"2013-03-27 17:35:29","2013-03-27 17:35:29",Open,Open,Open,Open,Open,Open,Open
207,2762,2013-03-27,"9:00 AM","9:00 PM","9:00 AM","9:00 PM","9:00 AM","9:00 PM","9:00 AM","9:00 PM","9:00 AM","9:00 PM","9:00 AM","9:00 PM","10:00 AM","7:00 PM",NULL,"2013-03-27 17:35:29","2013-03-27 17:35:29",Open,Open,Open,Open,Open,Open,Open
208,2763,2013-03-27,"9:00 AM","9:00 PM","9:00 AM","9:00 PM","9:00 AM","9:00 PM","9:00 AM","9:00 PM","9:00 AM","9:00 PM","9:00 AM","9:00 PM","10:00 AM","7:00 PM",NULL,"2013-03-27 17:35:29","2013-03-27 17:35:29",Open,Open,Open,Open,Open,Open,Open
209,2764,2013-03-27,"9:00 AM","9:00 PM","9:00 AM","9:00 PM","9:00 AM","9:00 PM","9:00 AM","9:00 PM","9:00 AM","9:00 PM","9:00 AM","9:00 PM","10:00 AM","7:00 PM",NULL,"2013-03-27 17:35:29","2013-03-27 17:35:29",Open,Open,Open,Open,Open,Open,Open
210,2765,2013-03-27,"9:00 AM","9:00 PM","9:00 AM","9:00 PM","9:00 AM","9:00 PM","9:00 AM","9:00 PM","9:00 AM","9:00 PM","9:00 AM","9:00 PM","10:00 AM","7:00 PM",NULL,"2013-03-27 17:35:29","2013-03-27 17:35:29",Open,Open,Open,Open,Open,Open,Open
211,2766,2013-03-27,"9:00 AM","9:00 PM","9:00 AM","9:00 PM","9:00 AM","9:00 PM","9:00 AM","9:00 PM","9:00 AM","9:00 PM","9:00 AM","9:00 PM","10:00 AM","7:00 PM",NULL,"2013-03-27 17:35:29","2013-03-27 17:35:29",Open,Open,Open,Open,Open,Open,Open
212,2767,2013-03-27,"9:00 AM","9:00 PM","9:00 AM","9:00 PM","9:00 AM","9:00 PM","9:00 AM","9:00 PM","9:00 AM","9:00 PM","9:00 AM","9:00 PM","10:00 AM","7:00 PM",NULL,"2013-03-27 17:35:29","2013-03-27 17:35:29",Open,Open,Open,Open,Open,Open,Open
213,2768,2013-03-27,"9:00 AM","9:00 PM","9:00 AM","9:00 PM","9:00 AM","9:00 PM","9:00 AM","9:00 PM","9:00 AM","9:00 PM","9:00 AM","9:00 PM","10:00 AM","7:00 PM",NULL,"2013-03-27 17:35:29","2013-03-27 17:35:29",Open,Open,Open,Open,Open,Open,Open
214,2769,2013-03-27,"9:00 AM","9:00 PM","9:00 AM","9:00 PM","9:00 AM","9:00 PM","9:00 AM","9:00 PM","9:00 AM","9:00 PM","9:00 AM","9:00 PM","10:00 AM","7:00 PM",NULL,"2013-03-27 17:35:29","2013-03-27 17:35:29",Open,Open,Open,Open,Open,Open,Open
215,2770,2013-03-27,"9:00 AM","9:00 PM","9:00 AM","9:00 PM","9:00 AM","9:00 PM","9:00 AM","9:00 PM","9:00 AM","9:00 PM","9:00 AM","9:00 PM","10:00 AM","7:00 PM",NULL,"2013-03-27 17:35:29","2013-03-27 17:35:29",Open,Open,Open,Open,Open,Open,Open
216,2771,2013-03-27,"9:00 AM","9:00 PM","9:00 AM","9:00 PM","9:00 AM","9:00 PM","9:00 AM","9:00 PM","9:00 AM","9:00 PM","9:00 AM","9:00 PM","10:00 AM","7:00 PM",NULL,"2013-03-27 17:35:29","2013-03-27 17:35:29",Open,Open,Open,Open,Open,Open,Open
217,2772,2013-03-27,"9:00 AM","9:00 PM","9:00 AM","9:00 PM","9:00 AM","9:00 PM","9:00 AM","9:00 PM","9:00 AM","9:00 PM","9:00 AM","9:00 PM","10:00 AM","7:00 PM",NULL,"2013-03-27 17:35:29","2013-03-27 17:35:29",Open,Open,Open,Open,Open,Open,Open
218,2773,2013-03-27,"9:00 AM","9:00 PM","9:00 AM","9:00 PM","9:00 AM","9:00 PM","9:00 AM","9:00 PM","9:00 AM","9:00 PM","9:00 AM","9:00 PM","10:00 AM","7:00 PM",NULL,"2013-03-27 17:35:29","2013-03-27 17:35:29",Open,Open,Open,Open,Open,Open,Open
219,2774,2013-03-27,"9:00 AM","9:00 PM","9:00 AM","9:00 PM","9:00 AM","9:00 PM","9:00 AM","9:00 PM","9:00 AM","9:00 PM","9:00 AM","9:00 PM","10:00 AM","7:00 PM",NULL,"2013-03-27 17:35:29","2013-03-27 17:35:29",Open,Open,Open,Open,Open,Open,Open
220,2775,2013-03-27,"9:00 AM","9:00 PM","9:00 AM","9:00 PM","9:00 AM","9:00 PM","9:00 AM","9:00 PM","9:00 AM","9:00 PM","9:00 AM","9:00 PM","10:00 AM","7:00 PM",NULL,"2013-03-27 17:35:29","2013-03-27 17:35:29",Open,Open,Open,Open,Open,Open,Open
221,2776,2013-03-27,"9:00 AM","9:00 PM","9:00 AM","9:00 PM","9:00 AM","9:00 PM","9:00 AM","9:00 PM","9:00 AM","9:00 PM","9:00 AM","9:00 PM","10:00 AM","7:00 PM",NULL,"2013-03-27 17:35:29","2013-03-27 17:35:29",Open,Open,Open,Open,Open,Open,Open
222,2777,2013-03-27,"9:00 AM","9:00 PM","9:00 AM","9:00 PM","9:00 AM","9:00 PM","9:00 AM","9:00 PM","9:00 AM","9:00 PM","9:00 AM","9:00 PM","10:00 AM","7:00 PM",NULL,"2013-03-27 17:35:29","2013-03-27 17:35:29",Open,Open,Open,Open,Open,Open,Open
223,2778,2013-03-27,"9:00 AM","9:00 PM","9:00 AM","9:00 PM","9:00 AM","9:00 PM","9:00 AM","9:00 PM","9:00 AM","9:00 PM","9:00 AM","9:00 PM","10:00 AM","7:00 PM",NULL,"2013-03-27 17:35:29","2013-03-27 17:35:29",Open,Open,Open,Open,Open,Open,Open
224,2779,2013-03-27,"9:00 AM","9:00 PM","9:00 AM","9:00 PM","9:00 AM","9:00 PM","9:00 AM","9:00 PM","9:00 AM","9:00 PM","9:00 AM","9:00 PM","10:00 AM","7:00 PM",NULL,"2013-03-27 17:35:29","2013-03-27 17:35:29",Open,Open,Open,Open,Open,Open,Open
225,2780,2013-03-27,"9:00 AM","9:00 PM","9:00 AM","9:00 PM","9:00 AM","9:00 PM","9:00 AM","9:00 PM","9:00 AM","9:00 PM","9:00 AM","9:00 PM","10:00 AM","7:00 PM",NULL,"2013-03-27 17:35:29","2013-03-27 17:35:29",Open,Open,Open,Open,Open,Open,Open
226,2781,2013-03-27,"9:00 AM","9:00 PM","9:00 AM","9:00 PM","9:00 AM","9:00 PM","9:00 AM","9:00 PM","9:00 AM","9:00 PM","9:00 AM","9:00 PM","10:00 AM","7:00 PM",NULL,"2013-03-27 17:35:29","2013-03-27 17:35:29",Open,Open,Open,Open,Open,Open,Open
227,2782,2013-03-27,"9:00 AM","9:00 PM","9:00 AM","9:00 PM","9:00 AM","9:00 PM","9:00 AM","9:00 PM","9:00 AM","9:00 PM","9:00 AM","9:00 PM","10:00 AM","7:00 PM",NULL,"2013-03-27 17:35:29","2013-03-27 17:35:29",Open,Open,Open,Open,Open,Open,Open
228,2783,2013-03-27,"9:00 AM","9:00 PM","9:00 AM","9:00 PM","9:00 AM","9:00 PM","9:00 AM","9:00 PM","9:00 AM","9:00 PM","9:00 AM","9:00 PM","10:00 AM","7:00 PM",NULL,"2013-03-27 17:35:29","2013-03-27 17:35:29",Open,Open,Open,Open,Open,Open,Open
229,2784,2013-03-27,"9:00 AM","9:00 PM","9:00 AM","9:00 PM","9:00 AM","9:00 PM","9:00 AM","9:00 PM","9:00 AM","9:00 PM","9:00 AM","9:00 PM","10:00 AM","7:00 PM",NULL,"2013-03-27 17:35:29","2013-03-27 17:35:29",Open,Open,Open,Open,Open,Open,Open
230,2786,2013-03-27,"9:00 AM","9:00 PM","9:00 AM","9:00 PM","9:00 AM","9:00 PM","9:00 AM","9:00 PM","9:00 AM","9:00 PM","9:00 AM","9:00 PM","10:00 AM","7:00 PM",NULL,"2013-03-27 17:35:29","2013-03-27 17:35:29",Open,Open,Open,Open,Open,Open,Open
231,2787,2013-03-27,"9:00 AM","9:00 PM","9:00 AM","9:00 PM","9:00 AM","9:00 PM","9:00 AM","9:00 PM","9:00 AM","9:00 PM","9:00 AM","9:00 PM","10:00 AM","7:00 PM",NULL,"2013-03-27 17:35:29","2013-03-27 17:35:29",Open,Open,Open,Open,Open,Open,Open
232,2788,2013-03-27,"9:00 AM","9:00 PM","9:00 AM","9:00 PM","9:00 AM","9:00 PM","9:00 AM","9:00 PM","9:00 AM","9:00 PM","9:00 AM","9:00 PM","10:00 AM","7:00 PM",NULL,"2013-03-27 17:35:29","2013-03-27 17:35:29",Open,Open,Open,Open,Open,Open,Open
233,2789,2013-03-27,"9:00 AM","9:00 PM","9:00 AM","9:00 PM","9:00 AM","9:00 PM","9:00 AM","9:00 PM","9:00 AM","9:00 PM","9:00 AM","9:00 PM","10:00 AM","7:00 PM",NULL,"2013-03-27 17:35:29","2013-03-27 17:35:29",Open,Open,Open,Open,Open,Open,Open
234,2790,2013-03-27,"9:00 AM","9:00 PM","9:00 AM","9:00 PM","9:00 AM","9:00 PM","9:00 AM","9:00 PM","9:00 AM","9:00 PM","9:00 AM","9:00 PM","10:00 AM","7:00 PM",NULL,"2013-03-27 17:35:29","2013-03-27 17:35:29",Open,Open,Open,Open,Open,Open,Open
235,2791,2013-03-27,"9:00 AM","9:00 PM","9:00 AM","9:00 PM","9:00 AM","9:00 PM","9:00 AM","9:00 PM","9:00 AM","9:00 PM","9:00 AM","9:00 PM","10:00 AM","7:00 PM",NULL,"2013-03-27 17:35:29","2013-03-27 17:35:29",Open,Open,Open,Open,Open,Open,Open
236,2792,2013-03-27,"9:00 AM","9:00 PM","9:00 AM","9:00 PM","9:00 AM","9:00 PM","9:00 AM","9:00 PM","9:00 AM","9:00 PM","9:00 AM","9:00 PM","10:00 AM","7:00 PM",NULL,"2013-03-27 17:35:29","2013-03-27 17:35:29",Open,Open,Open,Open,Open,Open,Open
237,2793,2013-03-27,"9:00 AM","9:00 PM","9:00 AM","9:00 PM","9:00 AM","9:00 PM","9:00 AM","9:00 PM","9:00 AM","9:00 PM","9:00 AM","9:00 PM","10:00 AM","7:00 PM",NULL,"2013-03-27 17:35:29","2013-03-27 17:35:29",Open,Open,Open,Open,Open,Open,Open
238,2794,2013-03-27,"9:00 AM","9:00 PM","9:00 AM","9:00 PM","9:00 AM","9:00 PM","9:00 AM","9:00 PM","9:00 AM","9:00 PM","9:00 AM","9:00 PM","10:00 AM","7:00 PM",NULL,"2013-03-27 17:35:29","2013-03-27 17:35:29",Open,Open,Open,Open,Open,Open,Open
239,2795,2013-03-27,"9:00 AM","9:00 PM","9:00 AM","9:00 PM","9:00 AM","9:00 PM","9:00 AM","9:00 PM","9:00 AM","9:00 PM","9:00 AM","9:00 PM","10:00 AM","7:00 PM",NULL,"2013-03-27 17:35:29","2013-03-27 17:35:29",Open,Open,Open,Open,Open,Open,Open
240,2796,2013-03-27,"9:00 AM","9:00 PM","9:00 AM","9:00 PM","9:00 AM","9:00 PM","9:00 AM","9:00 PM","9:00 AM","9:00 PM","9:00 AM","9:00 PM","10:00 AM","7:00 PM",NULL,"2013-03-27 17:35:29","2013-03-27 17:35:29",Open,Open,Open,Open,Open,Open,Open
241,2797,2013-03-27,"9:00 AM","9:00 PM","9:00 AM","9:00 PM","9:00 AM","9:00 PM","9:00 AM","9:00 PM","9:00 AM","9:00 PM","9:00 AM","9:00 PM","10:00 AM","7:00 PM",NULL,"2013-03-27 17:35:29","2013-03-27 17:35:29",Open,Open,Open,Open,Open,Open,Open
242,2798,2013-03-27,"9:00 AM","9:00 PM","9:00 AM","9:00 PM","9:00 AM","9:00 PM","9:00 AM","9:00 PM","9:00 AM","9:00 PM","9:00 AM","9:00 PM","10:00 AM","7:00 PM",NULL,"2013-03-27 17:35:29","2013-03-27 17:35:29",Open,Open,Open,Open,Open,Open,Open
243,2799,2013-03-27,"9:00 AM","9:00 PM","9:00 AM","9:00 PM","9:00 AM","9:00 PM","9:00 AM","9:00 PM","9:00 AM","9:00 PM","9:00 AM","9:00 PM","10:00 AM","7:00 PM",NULL,"2013-03-27 17:35:29","2013-03-27 17:35:29",Open,Open,Open,Open,Open,Open,Open
244,2800,2013-03-27,"9:00 AM","9:00 PM","9:00 AM","9:00 PM","9:00 AM","9:00 PM","9:00 AM","9:00 PM","9:00 AM","9:00 PM","9:00 AM","9:00 PM","10:00 AM","7:00 PM",NULL,"2013-03-27 17:35:29","2013-03-27 17:35:29",Open,Open,Open,Open,Open,Open,Open
245,2801,2013-03-27,"9:00 AM","9:00 PM","9:00 AM","9:00 PM","9:00 AM","9:00 PM","9:00 AM","9:00 PM","9:00 AM","9:00 PM","9:00 AM","9:00 PM","10:00 AM","7:00 PM",NULL,"2013-03-27 17:35:29","2013-03-27 17:35:29",Open,Open,Open,Open,Open,Open,Open
246,2802,2013-03-27,"9:00 AM","9:00 PM","9:00 AM","9:00 PM","9:00 AM","9:00 PM","9:00 AM","9:00 PM","9:00 AM","9:00 PM","9:00 AM","9:00 PM","10:00 AM","7:00 PM",NULL,"2013-03-27 17:35:29","2013-03-27 17:35:29",Open,Open,Open,Open,Open,Open,Open
247,2803,2013-03-27,"9:00 AM","9:00 PM","9:00 AM","9:00 PM","9:00 AM","9:00 PM","9:00 AM","9:00 PM","9:00 AM","9:00 PM","9:00 AM","9:00 PM","10:00 AM","7:00 PM",NULL,"2013-03-27 17:35:29","2013-03-27 17:35:29",Open,Open,Open,Open,Open,Open,Open
248,2804,2013-03-27,"9:00 AM","9:00 PM","9:00 AM","9:00 PM","9:00 AM","9:00 PM","9:00 AM","9:00 PM","9:00 AM","9:00 PM","9:00 AM","9:00 PM","10:00 AM","7:00 PM",NULL,"2013-03-27 17:35:29","2013-03-27 17:35:29",Open,Open,Open,Open,Open,Open,Open
249,2805,2013-03-27,"9:00 AM","9:00 PM","9:00 AM","9:00 PM","9:00 AM","9:00 PM","9:00 AM","9:00 PM","9:00 AM","9:00 PM","9:00 AM","9:00 PM","10:00 AM","7:00 PM",NULL,"2013-03-27 17:35:29","2013-03-27 17:35:29",Open,Open,Open,Open,Open,Open,Open
250,2806,2013-03-27,"9:00 AM","9:00 PM","9:00 AM","9:00 PM","9:00 AM","9:00 PM","9:00 AM","9:00 PM","9:00 AM","9:00 PM","9:00 AM","9:00 PM","10:00 AM","7:00 PM",NULL,"2013-03-27 17:35:29","2013-03-27 17:35:29",Open,Open,Open,Open,Open,Open,Open
251,2807,2013-03-27,"9:00 AM","9:00 PM","9:00 AM","9:00 PM","9:00 AM","9:00 PM","9:00 AM","9:00 PM","9:00 AM","9:00 PM","9:00 AM","9:00 PM","10:00 AM","7:00 PM",NULL,"2013-03-27 17:35:29","2013-03-27 17:35:29",Open,Open,Open,Open,Open,Open,Open
252,2808,2013-03-27,"9:00 AM","9:00 PM","9:00 AM","9:00 PM","9:00 AM","9:00 PM","9:00 AM","9:00 PM","9:00 AM","9:00 PM","9:00 AM","9:00 PM","10:00 AM","7:00 PM",NULL,"2013-03-27 17:35:29","2013-03-27 17:35:29",Open,Open,Open,Open,Open,Open,Open
253,2809,2013-03-27,"9:00 AM","9:00 PM","9:00 AM","9:00 PM","9:00 AM","9:00 PM","9:00 AM","9:00 PM","9:00 AM","9:00 PM","9:00 AM","9:00 PM","10:00 AM","7:00 PM",NULL,"2013-03-27 17:35:29","2013-03-27 17:35:29",Open,Open,Open,Open,Open,Open,Open
254,2810,2013-03-27,"9:00 AM","9:00 PM","9:00 AM","9:00 PM","9:00 AM","9:00 PM","9:00 AM","9:00 PM","9:00 AM","9:00 PM","9:00 AM","9:00 PM","10:00 AM","7:00 PM",NULL,"2013-03-27 17:35:29","2013-03-27 17:35:29",Open,Open,Open,Open,Open,Open,Open
255,2811,2013-03-27,"9:00 AM","9:00 PM","9:00 AM","9:00 PM","9:00 AM","9:00 PM","9:00 AM","9:00 PM","9:00 AM","9:00 PM","9:00 AM","9:00 PM","10:00 AM","7:00 PM",NULL,"2013-03-27 17:35:29","2013-03-27 17:35:29",Open,Open,Open,Open,Open,Open,Open
256,2812,2013-03-27,"9:00 AM","9:00 PM","9:00 AM","9:00 PM","9:00 AM","9:00 PM","9:00 AM","9:00 PM","9:00 AM","9:00 PM","9:00 AM","9:00 PM","10:00 AM","7:00 PM",NULL,"2013-03-27 17:35:29","2013-03-27 17:35:29",Open,Open,Open,Open,Open,Open,Open
257,2813,2013-03-27,"9:00 AM","9:00 PM","9:00 AM","9:00 PM","9:00 AM","9:00 PM","9:00 AM","9:00 PM","9:00 AM","9:00 PM","9:00 AM","9:00 PM","10:00 AM","7:00 PM",NULL,"2013-03-27 17:35:29","2013-03-27 17:35:29",Open,Open,Open,Open,Open,Open,Open
258,2814,2013-03-27,"9:00 AM","9:00 PM","9:00 AM","9:00 PM","9:00 AM","9:00 PM","9:00 AM","9:00 PM","9:00 AM","9:00 PM","9:00 AM","9:00 PM","10:00 AM","7:00 PM",NULL,"2013-03-27 17:35:29","2013-03-27 17:35:29",Open,Open,Open,Open,Open,Open,Open
259,2815,2013-03-27,"9:00 AM","9:00 PM","9:00 AM","9:00 PM","9:00 AM","9:00 PM","9:00 AM","9:00 PM","9:00 AM","9:00 PM","9:00 AM","9:00 PM","10:00 AM","7:00 PM",NULL,"2013-03-27 17:35:29","2013-03-27 17:35:29",Open,Open,Open,Open,Open,Open,Open
260,2816,2013-03-27,"9:00 AM","9:00 PM","9:00 AM","9:00 PM","9:00 AM","9:00 PM","9:00 AM","9:00 PM","9:00 AM","9:00 PM","9:00 AM","9:00 PM","10:00 AM","7:00 PM",NULL,"2013-03-27 17:35:29","2013-03-27 17:35:29",Open,Open,Open,Open,Open,Open,Open
261,2817,2013-03-27,"9:00 AM","9:00 PM","9:00 AM","9:00 PM","9:00 AM","9:00 PM","9:00 AM","9:00 PM","9:00 AM","9:00 PM","9:00 AM","9:00 PM","10:00 AM","7:00 PM",NULL,"2013-03-27 17:35:29","2013-03-27 17:35:29",Open,Open,Open,Open,Open,Open,Open
262,2818,2013-03-27,"9:00 AM","9:00 PM","9:00 AM","9:00 PM","9:00 AM","9:00 PM","9:00 AM","9:00 PM","9:00 AM","9:00 PM","9:00 AM","9:00 PM","10:00 AM","7:00 PM",NULL,"2013-03-27 17:35:29","2013-03-27 17:35:29",Open,Open,Open,Open,Open,Open,Open
263,2819,2013-03-27,"9:00 AM","9:00 PM","9:00 AM","9:00 PM","9:00 AM","9:00 PM","9:00 AM","9:00 PM","9:00 AM","9:00 PM","9:00 AM","9:00 PM","10:00 AM","7:00 PM",NULL,"2013-03-27 17:35:29","2013-03-27 17:35:29",Open,Open,Open,Open,Open,Open,Open
264,2820,2013-03-27,"9:00 AM","9:00 PM","9:00 AM","9:00 PM","9:00 AM","9:00 PM","9:00 AM","9:00 PM","9:00 AM","9:00 PM","9:00 AM","9:00 PM","10:00 AM","7:00 PM",NULL,"2013-03-27 17:35:29","2013-03-27 17:35:29",Open,Open,Open,Open,Open,Open,Open
265,2821,2013-03-27,"9:00 AM","9:00 PM","9:00 AM","9:00 PM","9:00 AM","9:00 PM","9:00 AM","9:00 PM","9:00 AM","9:00 PM","9:00 AM","9:00 PM","10:00 AM","7:00 PM",NULL,"2013-03-27 17:35:29","2013-03-27 17:35:29",Open,Open,Open,Open,Open,Open,Open
266,2822,2013-03-27,"9:00 AM","9:00 PM","9:00 AM","9:00 PM","9:00 AM","9:00 PM","9:00 AM","9:00 PM","9:00 AM","9:00 PM","9:00 AM","9:00 PM","10:00 AM","7:00 PM",NULL,"2013-03-27 17:35:29","2013-03-27 17:35:29",Open,Open,Open,Open,Open,Open,Open
267,2823,2013-03-27,"9:00 AM","9:00 PM","9:00 AM","9:00 PM","9:00 AM","9:00 PM","9:00 AM","9:00 PM","9:00 AM","9:00 PM","9:00 AM","9:00 PM","10:00 AM","7:00 PM",NULL,"2013-03-27 17:35:29","2013-03-27 17:35:29",Open,Open,Open,Open,Open,Open,Open
268,2825,2013-03-27,"9:00 AM","9:00 PM","9:00 AM","9:00 PM","9:00 AM","9:00 PM","9:00 AM","9:00 PM","9:00 AM","9:00 PM","9:00 AM","9:00 PM","10:00 AM","7:00 PM",NULL,"2013-03-27 17:35:29","2013-03-27 17:35:29",Open,Open,Open,Open,Open,Open,Open
269,2827,2013-03-27,"9:00 AM","9:00 PM","9:00 AM","9:00 PM","9:00 AM","9:00 PM","9:00 AM","9:00 PM","9:00 AM","9:00 PM","9:00 AM","9:00 PM","10:00 AM","7:00 PM",NULL,"2013-03-27 17:35:29","2013-03-27 17:35:29",Open,Open,Open,Open,Open,Open,Open
270,2828,2013-03-27,"9:00 AM","9:00 PM","9:00 AM","9:00 PM","9:00 AM","9:00 PM","9:00 AM","9:00 PM","9:00 AM","9:00 PM","9:00 AM","9:00 PM","10:00 AM","7:00 PM",NULL,"2013-03-27 17:35:29","2013-03-27 17:35:29",Open,Open,Open,Open,Open,Open,Open
271,2829,2013-03-27,"9:00 AM","9:00 PM","9:00 AM","9:00 PM","9:00 AM","9:00 PM","9:00 AM","9:00 PM","9:00 AM","9:00 PM","9:00 AM","9:00 PM","10:00 AM","7:00 PM",NULL,"2013-03-27 17:35:29","2013-03-27 17:35:29",Open,Open,Open,Open,Open,Open,Open
272,2830,2013-03-27,"9:00 AM","9:00 PM","9:00 AM","9:00 PM","9:00 AM","9:00 PM","9:00 AM","9:00 PM","9:00 AM","9:00 PM","9:00 AM","9:00 PM","10:00 AM","7:00 PM",NULL,"2013-03-27 17:35:29","2013-03-27 17:35:29",Open,Open,Open,Open,Open,Open,Open
273,2831,2013-03-27,"9:00 AM","9:00 PM","9:00 AM","9:00 PM","9:00 AM","9:00 PM","9:00 AM","9:00 PM","9:00 AM","9:00 PM","9:00 AM","9:00 PM","10:00 AM","7:00 PM",NULL,"2013-03-27 17:35:29","2013-03-27 17:35:29",Open,Open,Open,Open,Open,Open,Open
274,2832,2013-03-27,"9:00 AM","9:00 PM","9:00 AM","9:00 PM","9:00 AM","9:00 PM","9:00 AM","9:00 PM","9:00 AM","9:00 PM","9:00 AM","9:00 PM","10:00 AM","7:00 PM",NULL,"2013-03-27 17:35:29","2013-03-27 17:35:29",Open,Open,Open,Open,Open,Open,Open
275,2833,2013-03-27,"9:00 AM","9:00 PM","9:00 AM","9:00 PM","9:00 AM","9:00 PM","9:00 AM","9:00 PM","9:00 AM","9:00 PM","9:00 AM","9:00 PM","10:00 AM","7:00 PM",NULL,"2013-03-27 17:35:29","2013-03-27 17:35:29",Open,Open,Open,Open,Open,Open,Open
276,2834,2013-03-27,"9:00 AM","9:00 PM","9:00 AM","9:00 PM","9:00 AM","9:00 PM","9:00 AM","9:00 PM","9:00 AM","9:00 PM","9:00 AM","9:00 PM","10:00 AM","7:00 PM",NULL,"2013-03-27 17:35:29","2013-03-27 17:35:29",Open,Open,Open,Open,Open,Open,Open
277,2835,2013-03-27,"9:00 AM","9:00 PM","9:00 AM","9:00 PM","9:00 AM","9:00 PM","9:00 AM","9:00 PM","9:00 AM","9:00 PM","9:00 AM","9:00 PM","10:00 AM","7:00 PM",NULL,"2013-03-27 17:35:29","2013-03-27 17:35:29",Open,Open,Open,Open,Open,Open,Open
278,2837,2013-03-27,"9:00 AM","9:00 PM","9:00 AM","9:00 PM","9:00 AM","9:00 PM","9:00 AM","9:00 PM","9:00 AM","9:00 PM","9:00 AM","9:00 PM","10:00 AM","7:00 PM",NULL,"2013-03-27 17:35:29","2013-03-27 17:35:29",Open,Open,Open,Open,Open,Open,Open
279,2839,2013-03-27,"9:00 AM","9:00 PM","9:00 AM","9:00 PM","9:00 AM","9:00 PM","9:00 AM","9:00 PM","9:00 AM","9:00 PM","9:00 AM","9:00 PM","10:00 AM","7:00 PM",NULL,"2013-03-27 17:35:29","2013-03-27 17:35:29",Open,Open,Open,Open,Open,Open,Open
280,2840,2013-03-27,"9:00 AM","9:00 PM","9:00 AM","9:00 PM","9:00 AM","9:00 PM","9:00 AM","9:00 PM","9:00 AM","9:00 PM","9:00 AM","9:00 PM","10:00 AM","7:00 PM",NULL,"2013-03-27 17:35:29","2013-03-27 17:35:29",Open,Open,Open,Open,Open,Open,Open
281,2841,2013-03-27,"9:00 AM","9:00 PM","9:00 AM","9:00 PM","9:00 AM","9:00 PM","9:00 AM","9:00 PM","9:00 AM","9:00 PM","9:00 AM","9:00 PM","10:00 AM","7:00 PM",NULL,"2013-03-27 17:35:29","2013-03-27 17:35:29",Open,Open,Open,Open,Open,Open,Open
282,2842,2013-03-27,"9:00 AM","9:00 PM","9:00 AM","9:00 PM","9:00 AM","9:00 PM","9:00 AM","9:00 PM","9:00 AM","9:00 PM","9:00 AM","9:00 PM","10:00 AM","7:00 PM",NULL,"2013-03-27 17:35:29","2013-03-27 17:35:29",Open,Open,Open,Open,Open,Open,Open
283,2843,2013-03-27,"9:00 AM","9:00 PM","9:00 AM","9:00 PM","9:00 AM","9:00 PM","9:00 AM","9:00 PM","9:00 AM","9:00 PM","9:00 AM","9:00 PM","10:00 AM","7:00 PM",NULL,"2013-03-27 17:35:29","2013-03-27 17:35:29",Open,Open,Open,Open,Open,Open,Open
284,2844,2013-03-27,"9:00 AM","9:00 PM","9:00 AM","9:00 PM","9:00 AM","9:00 PM","9:00 AM","9:00 PM","9:00 AM","9:00 PM","9:00 AM","9:00 PM","10:00 AM","7:00 PM",NULL,"2013-03-27 17:35:29","2013-03-27 17:35:29",Open,Open,Open,Open,Open,Open,Open
285,2845,2013-03-27,"9:00 AM","9:00 PM","9:00 AM","9:00 PM","9:00 AM","9:00 PM","9:00 AM","9:00 PM","9:00 AM","9:00 PM","9:00 AM","9:00 PM","10:00 AM","7:00 PM",NULL,"2013-03-27 17:35:29","2013-03-27 17:35:29",Open,Open,Open,Open,Open,Open,Open
286,2847,2013-03-27,"9:00 AM","9:00 PM","9:00 AM","9:00 PM","9:00 AM","9:00 PM","9:00 AM","9:00 PM","9:00 AM","9:00 PM","9:00 AM","9:00 PM","10:00 AM","7:00 PM",NULL,"2013-03-27 17:35:29","2013-03-27 17:35:29",Open,Open,Open,Open,Open,Open,Open
287,2848,2013-03-27,"9:00 AM","9:00 PM","9:00 AM","9:00 PM","9:00 AM","9:00 PM","9:00 AM","9:00 PM","9:00 AM","9:00 PM","9:00 AM","9:00 PM","10:00 AM","7:00 PM",NULL,"2013-03-27 17:35:29","2013-03-27 17:35:29",Open,Open,Open,Open,Open,Open,Open
288,2849,2013-03-27,"9:00 AM","9:00 PM","9:00 AM","9:00 PM","9:00 AM","9:00 PM","9:00 AM","9:00 PM","9:00 AM","9:00 PM","9:00 AM","9:00 PM","10:00 AM","7:00 PM",NULL,"2013-03-27 17:35:29","2013-03-27 17:35:29",Open,Open,Open,Open,Open,Open,Open
289,2851,2013-03-27,"9:00 AM","9:00 PM","9:00 AM","9:00 PM","9:00 AM","9:00 PM","9:00 AM","9:00 PM","9:00 AM","9:00 PM","9:00 AM","9:00 PM","10:00 AM","7:00 PM",NULL,"2013-03-27 17:35:29","2013-03-27 17:35:29",Open,Open,Open,Open,Open,Open,Open
290,2853,2013-03-27,"9:00 AM","9:00 PM","9:00 AM","9:00 PM","9:00 AM","9:00 PM","9:00 AM","9:00 PM","9:00 AM","9:00 PM","9:00 AM","9:00 PM","10:00 AM","7:00 PM",NULL,"2013-03-27 17:35:29","2013-03-27 17:35:29",Open,Open,Open,Open,Open,Open,Open
291,2854,2013-03-27,"9:00 AM","9:00 PM","9:00 AM","9:00 PM","9:00 AM","9:00 PM","9:00 AM","9:00 PM","9:00 AM","9:00 PM","9:00 AM","9:00 PM","10:00 AM","7:00 PM",NULL,"2013-03-27 17:35:29","2013-03-27 17:35:29",Open,Open,Open,Open,Open,Open,Open
292,2856,2013-03-27,"9:00 AM","9:00 PM","9:00 AM","9:00 PM","9:00 AM","9:00 PM","9:00 AM","9:00 PM","9:00 AM","9:00 PM","9:00 AM","9:00 PM","10:00 AM","7:00 PM",NULL,"2013-03-27 17:35:29","2013-03-27 17:35:29",Open,Open,Open,Open,Open,Open,Open
293,2858,2013-03-27,"9:00 AM","9:00 PM","9:00 AM","9:00 PM","9:00 AM","9:00 PM","9:00 AM","9:00 PM","9:00 AM","9:00 PM","9:00 AM","9:00 PM","10:00 AM","7:00 PM",NULL,"2013-03-27 17:35:29","2013-03-27 17:35:29",Open,Open,Open,Open,Open,Open,Open
294,2859,2013-03-27,"9:00 AM","9:00 PM","9:00 AM","9:00 PM","9:00 AM","9:00 PM","9:00 AM","9:00 PM","9:00 AM","9:00 PM","9:00 AM","9:00 PM","10:00 AM","7:00 PM",NULL,"2013-03-27 17:35:29","2013-03-27 17:35:29",Open,Open,Open,Open,Open,Open,Open
295,2860,2013-03-27,"9:00 AM","9:00 PM","9:00 AM","9:00 PM","9:00 AM","9:00 PM","9:00 AM","9:00 PM","9:00 AM","9:00 PM","9:00 AM","9:00 PM","10:00 AM","7:00 PM",NULL,"2013-03-27 17:35:29","2013-03-27 17:35:29",Open,Open,Open,Open,Open,Open,Open
296,2861,2013-03-27,"9:00 AM","9:00 PM","9:00 AM","9:00 PM","9:00 AM","9:00 PM","9:00 AM","9:00 PM","9:00 AM","9:00 PM","9:00 AM","9:00 PM","10:00 AM","7:00 PM",NULL,"2013-03-27 17:35:29","2013-03-27 17:35:29",Open,Open,Open,Open,Open,Open,Open
297,2862,2013-03-27,"9:00 AM","9:00 PM","9:00 AM","9:00 PM","9:00 AM","9:00 PM","9:00 AM","9:00 PM","9:00 AM","9:00 PM","9:00 AM","9:00 PM","10:00 AM","7:00 PM",NULL,"2013-03-27 17:35:29","2013-03-27 17:35:29",Open,Open,Open,Open,Open,Open,Open
298,2863,2013-03-27,"9:00 AM","9:00 PM","9:00 AM","9:00 PM","9:00 AM","9:00 PM","9:00 AM","9:00 PM","9:00 AM","9:00 PM","9:00 AM","9:00 PM","10:00 AM","7:00 PM",NULL,"2013-03-27 17:35:29","2013-03-27 17:35:29",Open,Open,Open,Open,Open,Open,Open
299,2865,2013-03-27,"9:00 AM","9:00 PM","9:00 AM","9:00 PM","9:00 AM","9:00 PM","9:00 AM","9:00 PM","9:00 AM","9:00 PM","9:00 AM","9:00 PM","10:00 AM","7:00 PM",NULL,"2013-03-27 17:35:29","2013-03-27 17:35:29",Open,Open,Open,Open,Open,Open,Open
300,2866,2013-03-27,"9:00 AM","9:00 PM","9:00 AM","9:00 PM","9:00 AM","9:00 PM","9:00 AM","9:00 PM","9:00 AM","9:00 PM","9:00 AM","9:00 PM","10:00 AM","7:00 PM",NULL,"2013-03-27 17:35:29","2013-03-27 17:35:29",Open,Open,Open,Open,Open,Open,Open
301,2867,2013-03-27,"9:00 AM","9:00 PM","9:00 AM","9:00 PM","9:00 AM","9:00 PM","9:00 AM","9:00 PM","9:00 AM","9:00 PM","9:00 AM","9:00 PM","10:00 AM","7:00 PM",NULL,"2013-03-27 17:35:29","2013-03-27 17:35:29",Open,Open,Open,Open,Open,Open,Open
302,2868,2013-03-27,"9:00 AM","9:00 PM","9:00 AM","9:00 PM","9:00 AM","9:00 PM","9:00 AM","9:00 PM","9:00 AM","9:00 PM","9:00 AM","9:00 PM","10:00 AM","7:00 PM",NULL,"2013-03-27 17:35:29","2013-03-27 17:35:29",Open,Open,Open,Open,Open,Open,Open
303,2869,2013-03-27,"9:00 AM","9:00 PM","9:00 AM","9:00 PM","9:00 AM","9:00 PM","9:00 AM","9:00 PM","9:00 AM","9:00 PM","9:00 AM","9:00 PM","10:00 AM","7:00 PM",NULL,"2013-03-27 17:35:29","2013-03-27 17:35:29",Open,Open,Open,Open,Open,Open,Open
304,2870,2013-03-27,"9:00 AM","9:00 PM","9:00 AM","9:00 PM","9:00 AM","9:00 PM","9:00 AM","9:00 PM","9:00 AM","9:00 PM","9:00 AM","9:00 PM","10:00 AM","7:00 PM",NULL,"2013-03-27 17:35:29","2013-03-27 17:35:29",Open,Open,Open,Open,Open,Open,Open
305,2871,2013-03-27,"9:00 AM","9:00 PM","9:00 AM","9:00 PM","9:00 AM","9:00 PM","9:00 AM","9:00 PM","9:00 AM","9:00 PM","9:00 AM","9:00 PM","10:00 AM","7:00 PM",NULL,"2013-03-27 17:35:29","2013-03-27 17:35:29",Open,Open,Open,Open,Open,Open,Open
306,2872,2013-03-27,"9:00 AM","9:00 PM","9:00 AM","9:00 PM","9:00 AM","9:00 PM","9:00 AM","9:00 PM","9:00 AM","9:00 PM","9:00 AM","9:00 PM","10:00 AM","7:00 PM",NULL,"2013-03-27 17:35:29","2013-03-27 17:35:29",Open,Open,Open,Open,Open,Open,Open
307,2873,2013-03-27,"9:00 AM","9:00 PM","9:00 AM","9:00 PM","9:00 AM","9:00 PM","9:00 AM","9:00 PM","9:00 AM","9:00 PM","9:00 AM","9:00 PM","10:00 AM","7:00 PM",NULL,"2013-03-27 17:35:29","2013-03-27 17:35:29",Open,Open,Open,Open,Open,Open,Open
308,2874,2013-03-27,"9:00 AM","9:00 PM","9:00 AM","9:00 PM","9:00 AM","9:00 PM","9:00 AM","9:00 PM","9:00 AM","9:00 PM","9:00 AM","9:00 PM","10:00 AM","7:00 PM",NULL,"2013-03-27 17:35:29","2013-03-27 17:35:29",Open,Open,Open,Open,Open,Open,Open
309,2875,2013-03-27,"9:00 AM","9:00 PM","9:00 AM","9:00 PM","9:00 AM","9:00 PM","9:00 AM","9:00 PM","9:00 AM","9:00 PM","9:00 AM","9:00 PM","10:00 AM","7:00 PM",NULL,"2013-03-27 17:35:29","2013-03-27 17:35:29",Open,Open,Open,Open,Open,Open,Open
310,2876,2013-03-27,"9:00 AM","9:00 PM","9:00 AM","9:00 PM","9:00 AM","9:00 PM","9:00 AM","9:00 PM","9:00 AM","9:00 PM","9:00 AM","9:00 PM","10:00 AM","7:00 PM",NULL,"2013-03-27 17:35:29","2013-03-27 17:35:29",Open,Open,Open,Open,Open,Open,Open
311,2877,2013-03-27,"9:00 AM","9:00 PM","9:00 AM","9:00 PM","9:00 AM","9:00 PM","9:00 AM","9:00 PM","9:00 AM","9:00 PM","9:00 AM","9:00 PM","10:00 AM","7:00 PM",NULL,"2013-03-27 17:35:29","2013-03-27 17:35:29",Open,Open,Open,Open,Open,Open,Open
312,2878,2013-03-27,"9:00 AM","9:00 PM","9:00 AM","9:00 PM","9:00 AM","9:00 PM","9:00 AM","9:00 PM","9:00 AM","9:00 PM","9:00 AM","9:00 PM","10:00 AM","7:00 PM",NULL,"2013-03-27 17:35:29","2013-03-27 17:35:29",Open,Open,Open,Open,Open,Open,Open
313,2879,2013-03-27,"9:00 AM","9:00 PM","9:00 AM","9:00 PM","9:00 AM","9:00 PM","9:00 AM","9:00 PM","9:00 AM","9:00 PM","9:00 AM","9:00 PM","10:00 AM","7:00 PM",NULL,"2013-03-27 17:35:29","2013-03-27 17:35:29",Open,Open,Open,Open,Open,Open,Open
314,2880,2013-03-27,"9:00 AM","9:00 PM","9:00 AM","9:00 PM","9:00 AM","9:00 PM","9:00 AM","9:00 PM","9:00 AM","9:00 PM","9:00 AM","9:00 PM","10:00 AM","7:00 PM",NULL,"2013-03-27 17:35:29","2013-03-27 17:35:29",Open,Open,Open,Open,Open,Open,Open
315,2881,2013-03-27,"9:00 AM","9:00 PM","9:00 AM","9:00 PM","9:00 AM","9:00 PM","9:00 AM","9:00 PM","9:00 AM","9:00 PM","9:00 AM","9:00 PM","10:00 AM","7:00 PM",NULL,"2013-03-27 17:35:29","2013-03-27 17:35:29",Open,Open,Open,Open,Open,Open,Open
316,2882,2013-03-27,"9:00 AM","9:00 PM","9:00 AM","9:00 PM","9:00 AM","9:00 PM","9:00 AM","9:00 PM","9:00 AM","9:00 PM","9:00 AM","9:00 PM","10:00 AM","7:00 PM",NULL,"2013-03-27 17:35:29","2013-03-27 17:35:29",Open,Open,Open,Open,Open,Open,Open
317,2883,2013-03-27,"9:00 AM","9:00 PM","9:00 AM","9:00 PM","9:00 AM","9:00 PM","9:00 AM","9:00 PM","9:00 AM","9:00 PM","9:00 AM","9:00 PM","10:00 AM","7:00 PM",NULL,"2013-03-27 17:35:29","2013-03-27 17:35:29",Open,Open,Open,Open,Open,Open,Open
318,2884,2013-03-27,"9:00 AM","9:00 PM","9:00 AM","9:00 PM","9:00 AM","9:00 PM","9:00 AM","9:00 PM","9:00 AM","9:00 PM","9:00 AM","9:00 PM","10:00 AM","7:00 PM",NULL,"2013-03-27 17:35:29","2013-03-27 17:35:29",Open,Open,Open,Open,Open,Open,Open
319,2885,2013-03-27,"9:00 AM","9:00 PM","9:00 AM","9:00 PM","9:00 AM","9:00 PM","9:00 AM","9:00 PM","9:00 AM","9:00 PM","9:00 AM","9:00 PM","10:00 AM","7:00 PM",NULL,"2013-03-27 17:35:29","2013-03-27 17:35:29",Open,Open,Open,Open,Open,Open,Open
320,2886,2013-03-27,"9:00 AM","9:00 PM","9:00 AM","9:00 PM","9:00 AM","9:00 PM","9:00 AM","9:00 PM","9:00 AM","9:00 PM","9:00 AM","9:00 PM","10:00 AM","7:00 PM",NULL,"2013-03-27 17:35:29","2013-03-27 17:35:29",Open,Open,Open,Open,Open,Open,Open
321,2887,2013-03-27,"9:00 AM","9:00 PM","9:00 AM","9:00 PM","9:00 AM","9:00 PM","9:00 AM","9:00 PM","9:00 AM","9:00 PM","9:00 AM","9:00 PM","10:00 AM","7:00 PM",NULL,"2013-03-27 17:35:29","2013-03-27 17:35:29",Open,Open,Open,Open,Open,Open,Open
322,2888,2013-03-27,"9:00 AM","9:00 PM","9:00 AM","9:00 PM","9:00 AM","9:00 PM","9:00 AM","9:00 PM","9:00 AM","9:00 PM","9:00 AM","9:00 PM","10:00 AM","7:00 PM",NULL,"2013-03-27 17:35:29","2013-03-27 17:35:29",Open,Open,Open,Open,Open,Open,Open
323,2889,2013-03-27,"9:00 AM","9:00 PM","9:00 AM","9:00 PM","9:00 AM","9:00 PM","9:00 AM","9:00 PM","9:00 AM","9:00 PM","9:00 AM","9:00 PM","10:00 AM","7:00 PM",NULL,"2013-03-27 17:35:29","2013-03-27 17:35:29",Open,Open,Open,Open,Open,Open,Open
324,2890,2013-03-27,"9:00 AM","9:00 PM","9:00 AM","9:00 PM","9:00 AM","9:00 PM","9:00 AM","9:00 PM","9:00 AM","9:00 PM","9:00 AM","9:00 PM","10:00 AM","7:00 PM",NULL,"2013-03-27 17:35:29","2013-03-27 17:35:29",Open,Open,Open,Open,Open,Open,Open
325,2891,2013-03-27,"9:00 AM","9:00 PM","9:00 AM","9:00 PM","9:00 AM","9:00 PM","9:00 AM","9:00 PM","9:00 AM","9:00 PM","9:00 AM","9:00 PM","10:00 AM","7:00 PM",NULL,"2013-03-27 17:35:29","2013-03-27 17:35:29",Open,Open,Open,Open,Open,Open,Open
326,2892,2013-03-27,"9:00 AM","9:00 PM","9:00 AM","9:00 PM","9:00 AM","9:00 PM","9:00 AM","9:00 PM","9:00 AM","9:00 PM","9:00 AM","9:00 PM","10:00 AM","7:00 PM",NULL,"2013-03-27 17:35:29","2013-03-27 17:35:29",Open,Open,Open,Open,Open,Open,Open
327,2893,2013-03-27,"9:00 AM","9:00 PM","9:00 AM","9:00 PM","9:00 AM","9:00 PM","9:00 AM","9:00 PM","9:00 AM","9:00 PM","9:00 AM","9:00 PM","10:00 AM","7:00 PM",NULL,"2013-03-27 17:35:29","2013-03-27 17:35:29",Open,Open,Open,Open,Open,Open,Open
328,2894,2013-03-27,"9:00 AM","9:00 PM","9:00 AM","9:00 PM","9:00 AM","9:00 PM","9:00 AM","9:00 PM","9:00 AM","9:00 PM","9:00 AM","9:00 PM","10:00 AM","7:00 PM",NULL,"2013-03-27 17:35:29","2013-03-27 17:35:29",Open,Open,Open,Open,Open,Open,Open
329,2895,2013-03-27,"9:00 AM","9:00 PM","9:00 AM","9:00 PM","9:00 AM","9:00 PM","9:00 AM","9:00 PM","9:00 AM","9:00 PM","9:00 AM","9:00 PM","10:00 AM","7:00 PM",NULL,"2013-03-27 17:35:29","2013-03-27 17:35:29",Open,Open,Open,Open,Open,Open,Open
330,2901,2013-03-27,"9:00 AM","9:00 PM","9:00 AM","9:00 PM","9:00 AM","9:00 PM","9:00 AM","9:00 PM","9:00 AM","9:00 PM","9:00 AM","9:00 PM","10:00 AM","7:00 PM",NULL,"2013-03-27 17:35:29","2013-03-27 17:35:29",Open,Open,Open,Open,Open,Open,Open
331,2903,2013-03-27,"9:00 AM","9:00 PM","9:00 AM","9:00 PM","9:00 AM","9:00 PM","9:00 AM","9:00 PM","9:00 AM","9:00 PM","9:00 AM","9:00 PM","10:00 AM","7:00 PM",NULL,"2013-03-27 17:35:29","2013-03-27 17:35:29",Open,Open,Open,Open,Open,Open,Open
332,2907,2013-03-27,"9:00 AM","9:00 PM","9:00 AM","9:00 PM","9:00 AM","9:00 PM","9:00 AM","9:00 PM","9:00 AM","9:00 PM","9:00 AM","9:00 PM","10:00 AM","7:00 PM",NULL,"2013-03-27 17:35:29","2013-03-27 17:35:29",Open,Open,Open,Open,Open,Open,Open
333,2785,NULL,"10:00 AM","9:30 PM","10:00 AM","9:30 PM","10:00 AM","9:30 PM","10:00 AM","9:30 PM","10:00 AM","9:30 PM","10:00 AM","9:30 PM","11:00 AM","6:00 PM",NULL,"2013-03-28 13:29:57","2013-03-28 13:29:57",Open,Open,Open,Open,Open,Open,Open
334,2785,2013-03-28,"10:00 AM","9:30 PM","10:00 AM","9:30 PM","10:00 AM","9:30 PM","10:00 AM","9:30 PM","10:00 AM","9:30 PM","10:00 AM","9:30 PM","11:00 AM","6:00 PM",NULL,"2013-03-28 13:32:00","2013-03-28 13:32:00",Open,Open,Open,Open,Open,Open,Open
335,2824,2013-03-28,"10:00 AM","9:00 PM","10:00 AM","9:00 PM","10:00 AM","9:00 PM","10:00 AM","9:00 PM","10:00 AM","9:00 PM","9:00 AM","9:00 PM","11:00 AM","6:00 PM",NULL,"2013-03-28 15:22:38","2013-03-28 15:22:38",Open,Open,Open,Open,Open,Open,Open
336,2838,NULL,"9:00 AM","9:00 PM","9:00 AM","9:00 PM","9:00 AM","9:00 PM","9:00 AM","9:00 PM","9:00 AM","9:00 PM","9:00 AM","9:00 PM",NULL,NULL,NULL,"2013-03-28 15:24:47","2013-03-28 15:24:47",Open,Open,Open,Open,Open,Open,Closed
337,2838,2013-03-28,"9:00 AM","9:00 PM","9:00 AM","9:00 PM","9:00 AM","9:00 PM","9:00 AM","9:00 PM","9:00 AM","9:00 PM","9:00 AM","9:00 PM",NULL,NULL,NULL,"2013-03-28 15:51:19","2013-03-28 15:51:19",Open,Open,Open,Open,Open,Open,Closed
338,2846,2013-03-28,"9:00 AM","8:00 PM","9:00 AM","8:00 PM","9:00 AM","8:00 PM","9:00 AM","8:00 PM","9:00 AM","9:00 PM","9:00 AM","9:00 PM","10:00 AM","7:00 PM",NULL,"2013-03-28 15:53:56","2013-03-28 15:53:56",Open,Open,Open,Open,Open,Open,Open
339,2850,NULL,"9:00 AM","9:00 PM","9:00 AM","9:00 PM","9:00 AM","9:00 PM","9:00 AM","9:00 PM","9:00 AM","9:00 PM","9:00 AM","9:00 PM","10:00 AM","6:00 PM",NULL,"2013-03-28 15:56:41","2013-03-28 15:56:41",Open,Open,Open,Open,Open,Open,Open
340,2850,2013-03-28,"9:00 AM","9:00 PM","9:00 AM","9:00 PM","9:00 AM","9:00 PM","9:00 AM","9:00 PM","9:00 AM","9:00 PM","9:00 AM","9:00 PM","10:00 AM","6:00 PM",NULL,"2013-03-28 15:58:28","2013-03-28 15:58:28",Open,Open,Open,Open,Open,Open,Open
341,2852,2013-03-28,"10:00 AM","9:00 PM","10:00 AM","9:00 PM","10:00 AM","9:00 PM","10:00 AM","9:00 PM","10:00 AM","9:00 PM","10:00 AM","9:00 PM","11:00 AM","6:00 PM",NULL,"2013-03-28 16:01:14","2013-03-28 16:01:14",Open,Open,Open,Open,Open,Open,Open
342,2855,2013-03-28,"10:00 AM","9:00 PM","10:00 AM","9:00 PM","10:00 AM","9:00 PM","10:00 AM","9:00 PM","10:00 AM","9:00 PM","9:00 AM","9:00 PM","11:00 AM","6:00 PM",NULL,"2013-03-28 16:03:31","2013-03-28 16:03:31",Open,Open,Open,Open,Open,Open,Open
343,2857,2013-03-28,"10:00 AM","9:00 PM","10:00 AM","9:00 PM","10:00 AM","9:00 PM","10:00 AM","9:00 PM","10:00 AM","9:00 PM","9:00 AM","9:00 PM","10:00 AM","6:00 PM",NULL,"2013-03-28 16:05:12","2013-03-28 16:05:12",Open,Open,Open,Open,Open,Open,Open
344,2785,2013-03-28,"10:00 AM","9:30 PM","10:00 AM","9:30 PM","10:00 AM","9:30 PM","10:00 AM","9:30 PM","10:00 AM","9:30 PM","10:00 AM","9:30 PM","11:00 AM","6:00 PM",NULL,"2013-03-28 17:51:36","2013-03-28 17:51:36",Open,Open,Open,Open,Open,Open,Open
345,2785,2013-03-28,"10:00 AM","9:30 PM","10:00 AM","9:30 PM","10:00 AM","9:30 PM","10:00 AM","9:30 PM","10:00 AM","9:30 PM","10:00 AM","9:30 PM","11:00 AM","6:00 PM",NULL,"2013-03-29 15:15:15","2013-03-29 15:15:15",Open,Open,Open,Open,Open,Open,Open
346,2755,2013-04-01,"9:00 AM","9:00 PM","9:00 AM","9:00 PM","9:00 AM","9:00 PM","9:00 AM","9:00 PM","9:00 AM","9:00 PM","9:00 AM","9:00 PM","10:00 AM","7:00 PM",NULL,"2013-04-01 17:49:50","2013-04-01 17:49:50",Open,Open,Open,Open,Open,Open,Open
